-- E-commerce database schema and seed data for SQL Query Training Environment

CREATE TABLE customers (
    id INTEGER PRIMARY KEY,
    name TEXT NOT NULL,
    email TEXT UNIQUE NOT NULL,
    city TEXT NOT NULL
);

CREATE TABLE products (
    id INTEGER PRIMARY KEY,
    name TEXT NOT NULL,
    category TEXT NOT NULL,
    price REAL NOT NULL
);

CREATE TABLE orders (
    id INTEGER PRIMARY KEY,
    customer_id INTEGER NOT NULL REFERENCES customers(id),
    order_date TEXT NOT NULL,
    status TEXT NOT NULL CHECK(status IN ('pending', 'shipped', 'delivered', 'cancelled'))
);

CREATE TABLE order_items (
    id INTEGER PRIMARY KEY,
    order_id INTEGER NOT NULL REFERENCES orders(id),
    product_id INTEGER NOT NULL REFERENCES products(id),
    quantity INTEGER NOT NULL CHECK(quantity > 0),
    unit_price REAL NOT NULL
);

-- Seed: customers (50 rows)
INSERT INTO customers VALUES
(1,  'Alice Johnson',    'alice@example.com',    'New York'),
(2,  'Bob Smith',        'bob@example.com',       'Los Angeles'),
(3,  'Carol White',      'carol@example.com',     'New York'),
(4,  'David Lee',        'david@example.com',     'Chicago'),
(5,  'Eva Martinez',     'eva@example.com',       'Houston'),
(6,  'Frank Brown',      'frank@example.com',     'New York'),
(7,  'Grace Kim',        'grace@example.com',     'Phoenix'),
(8,  'Henry Davis',      'henry@example.com',     'Los Angeles'),
(9,  'Iris Wilson',      'iris@example.com',      'San Antonio'),
(10, 'Jack Thompson',    'jack@example.com',      'Chicago'),
(11, 'Karen Anderson',   'karen@example.com',     'New York'),
(12, 'Liam Jackson',     'liam@example.com',      'Dallas'),
(13, 'Mia Harris',       'mia@example.com',       'San Jose'),
(14, 'Noah Martin',      'noah@example.com',      'Austin'),
(15, 'Olivia Garcia',    'olivia@example.com',    'Jacksonville'),
(16, 'Paul Robinson',    'paul@example.com',      'Los Angeles'),
(17, 'Quinn Clark',      'quinn@example.com',     'San Francisco'),
(18, 'Rachel Rodriguez', 'rachel@example.com',    'Columbus'),
(19, 'Sam Lewis',        'sam@example.com',       'Charlotte'),
(20, 'Tina Walker',      'tina@example.com',      'New York'),
(21, 'Uma Hall',         'uma@example.com',       'Indianapolis'),
(22, 'Victor Allen',     'victor@example.com',    'Seattle'),
(23, 'Wendy Young',      'wendy@example.com',     'Denver'),
(24, 'Xander Hernandez', 'xander@example.com',   'Nashville'),
(25, 'Yara King',        'yara@example.com',      'Oklahoma City'),
(26, 'Zoe Wright',       'zoe@example.com',       'El Paso'),
(27, 'Aaron Scott',      'aaron@example.com',     'Chicago'),
(28, 'Bella Green',      'bella@example.com',     'Boston'),
(29, 'Carlos Adams',     'carlos@example.com',    'Miami'),
(30, 'Diana Baker',      'diana@example.com',     'Los Angeles'),
(31, 'Ethan Gonzalez',   'ethan@example.com',     'New York'),
(32, 'Fiona Nelson',     'fiona@example.com',     'Atlanta'),
(33, 'George Carter',    'george@example.com',    'Chicago'),
(34, 'Hannah Mitchell',  'hannah@example.com',    'Dallas'),
(35, 'Ivan Perez',       'ivan@example.com',      'Houston'),
(36, 'Julia Roberts',    'julia@example.com',     'Phoenix'),
(37, 'Kevin Turner',     'kevin@example.com',     'San Antonio'),
(38, 'Laura Phillips',   'laura@example.com',     'New York'),
(39, 'Mike Campbell',    'mike@example.com',      'Los Angeles'),
(40, 'Nancy Parker',     'nancy@example.com',     'Chicago'),
(41, 'Oscar Evans',      'oscar@example.com',     'Houston'),
(42, 'Penny Edwards',    'penny@example.com',     'Denver'),
(43, 'Roger Collins',    'roger@example.com',     'Seattle'),
(44, 'Sarah Stewart',    'sarah@example.com',     'Boston'),
(45, 'Thomas Sanchez',   'thomas@example.com',    'Miami'),
(46, 'Ursula Morris',    'ursula@example.com',    'Atlanta'),
(47, 'Vincent Rogers',   'vincent@example.com',   'Dallas'),
(48, 'Wanda Reed',       'wanda@example.com',     'New York'),
(49, 'Xavier Cook',      'xavier@example.com',    'Chicago'),
(50, 'Yvonne Morgan',    'yvonne@example.com',    'Los Angeles');

-- Seed: products (50 rows)
INSERT INTO products VALUES
(1,  'Laptop Pro 15',      'Electronics', 1299.99),
(2,  'Wireless Mouse',     'Electronics',   29.99),
(3,  'USB-C Hub',          'Electronics',   49.99),
(4,  'Mechanical Keyboard','Electronics',  129.99),
(5,  'Monitor 27"',        'Electronics',  399.99),
(6,  'Webcam HD',          'Electronics',   79.99),
(7,  'Headphones BT',      'Electronics',  199.99),
(8,  'Smart Speaker',      'Electronics',   89.99),
(9,  'Tablet 10"',         'Electronics',  449.99),
(10, 'Phone Stand',        'Electronics',   19.99),
(11, 'Office Chair',       'Furniture',    349.99),
(12, 'Standing Desk',      'Furniture',    599.99),
(13, 'Bookshelf',          'Furniture',    149.99),
(14, 'Desk Lamp',          'Furniture',     59.99),
(15, 'Monitor Arm',        'Furniture',    119.99),
(16, 'Cable Organizer',    'Furniture',     24.99),
(17, 'Whiteboard',         'Furniture',     89.99),
(18, 'Filing Cabinet',     'Furniture',    199.99),
(19, 'Ergonomic Pillow',   'Furniture',     44.99),
(20, 'Floor Mat',          'Furniture',     34.99),
(21, 'Python Programming', 'Books',         39.99),
(22, 'Data Science Guide', 'Books',         49.99),
(23, 'Clean Code',         'Books',         34.99),
(24, 'System Design',      'Books',         44.99),
(25, 'ML Fundamentals',    'Books',         54.99),
(26, 'SQL Mastery',        'Books',         29.99),
(27, 'Docker in Action',   'Books',         39.99),
(28, 'Kubernetes Guide',   'Books',         44.99),
(29, 'React Handbook',     'Books',         34.99),
(30, 'TypeScript Deep',    'Books',         39.99),
(31, 'Coffee Mug XL',      'Office',        14.99),
(32, 'Sticky Notes Pack',  'Office',         9.99),
(33, 'Pen Set Premium',    'Office',        19.99),
(34, 'Notebook A5',        'Office',        12.99),
(35, 'Stapler Heavy',      'Office',        24.99),
(36, 'Scissors Pro',       'Office',        15.99),
(37, 'Paper A4 500',       'Office',         8.99),
(38, 'Tape Dispenser',     'Office',        11.99),
(39, 'Binder 3-Ring',      'Office',         7.99),
(40, 'Highlighter Set',    'Office',        13.99),
(41, 'Yoga Mat',           'Health',        49.99),
(42, 'Resistance Bands',   'Health',        29.99),
(43, 'Water Bottle 1L',    'Health',        24.99),
(44, 'Fitness Tracker',    'Health',       149.99),
(45, 'Blue Light Glasses', 'Health',        39.99),
(46, 'Standing Mat',       'Health',        79.99),
(47, 'Wrist Rest',         'Health',        19.99),
(48, 'Eye Drops Set',      'Health',         9.99),
(49, 'Posture Corrector',  'Health',        34.99),
(50, 'Massage Gun Mini',   'Health',        89.99);

-- Seed: orders (50 rows)
INSERT INTO orders VALUES
(1,  1,  '2024-01-05', 'delivered'),
(2,  3,  '2024-01-07', 'delivered'),
(3,  5,  '2024-01-10', 'delivered'),
(4,  2,  '2024-01-12', 'delivered'),
(5,  7,  '2024-01-15', 'shipped'),
(6,  4,  '2024-01-18', 'delivered'),
(7,  9,  '2024-01-20', 'delivered'),
(8,  11, '2024-01-22', 'delivered'),
(9,  6,  '2024-01-25', 'cancelled'),
(10, 13, '2024-01-28', 'delivered'),
(11, 1,  '2024-02-03', 'delivered'),
(12, 15, '2024-02-05', 'delivered'),
(13, 17, '2024-02-08', 'shipped'),
(14, 2,  '2024-02-10', 'delivered'),
(15, 19, '2024-02-12', 'delivered'),
(16, 21, '2024-02-15', 'delivered'),
(17, 3,  '2024-02-18', 'delivered'),
(18, 23, '2024-02-20', 'delivered'),
(19, 25, '2024-02-22', 'cancelled'),
(20, 4,  '2024-02-25', 'delivered'),
(21, 27, '2024-03-01', 'delivered'),
(22, 29, '2024-03-03', 'delivered'),
(23, 5,  '2024-03-05', 'delivered'),
(24, 31, '2024-03-08', 'shipped'),
(25, 33, '2024-03-10', 'delivered'),
(26, 6,  '2024-03-12', 'delivered'),
(27, 35, '2024-03-15', 'delivered'),
(28, 37, '2024-03-18', 'delivered'),
(29, 7,  '2024-03-20', 'pending'),
(30, 39, '2024-03-22', 'delivered'),
(31, 8,  '2024-03-25', 'delivered'),
(32, 41, '2024-03-28', 'delivered'),
(33, 9,  '2024-04-01', 'delivered'),
(34, 43, '2024-04-03', 'shipped'),
(35, 10, '2024-04-05', 'delivered'),
(36, 45, '2024-04-08', 'delivered'),
(37, 11, '2024-04-10', 'delivered'),
(38, 47, '2024-04-12', 'delivered'),
(39, 12, '2024-04-15', 'delivered'),
(40, 49, '2024-04-18', 'delivered'),
(41, 13, '2024-04-20', 'delivered'),
(42, 1,  '2024-04-22', 'delivered'),
(43, 14, '2024-04-25', 'shipped'),
(44, 2,  '2024-04-28', 'delivered'),
(45, 15, '2024-05-01', 'delivered'),
(46, 3,  '2024-05-03', 'delivered'),
(47, 16, '2024-05-05', 'delivered'),
(48, 4,  '2024-05-08', 'delivered'),
(49, 17, '2024-05-10', 'delivered'),
(50, 5,  '2024-05-12', 'delivered');

-- Seed: order_items (80 rows)
INSERT INTO order_items VALUES
(1,  1,  1,  1, 1299.99),
(2,  1,  2,  2,   29.99),
(3,  2,  11, 1,  349.99),
(4,  2,  21, 2,   39.99),
(5,  3,  7,  1,  199.99),
(6,  3,  4,  1,  129.99),
(7,  4,  5,  1,  399.99),
(8,  4,  3,  2,   49.99),
(9,  5,  9,  1,  449.99),
(10, 5,  10, 2,   19.99),
(11, 6,  12, 1,  599.99),
(12, 6,  14, 1,   59.99),
(13, 7,  6,  1,   79.99),
(14, 7,  8,  1,   89.99),
(15, 8,  22, 1,   49.99),
(16, 8,  25, 1,   54.99),
(17, 9,  31, 3,   14.99),
(18, 10, 1,  1, 1299.99),
(19, 10, 4,  1,  129.99),
(20, 11, 13, 1,  149.99),
(21, 11, 15, 1,  119.99),
(22, 12, 41, 1,   49.99),
(23, 12, 44, 1,  149.99),
(24, 13, 5,  2,  399.99),
(25, 14, 7,  1,  199.99),
(26, 14, 6,  1,   79.99),
(27, 15, 23, 2,   34.99),
(28, 15, 26, 1,   29.99),
(29, 16, 11, 1,  349.99),
(30, 16, 16, 2,   24.99),
(31, 17, 2,  1,   29.99),
(32, 17, 3,  1,   49.99),
(33, 18, 42, 2,   29.99),
(34, 18, 43, 1,   24.99),
(35, 19, 33, 5,   19.99),
(36, 20, 1,  1, 1299.99),
(37, 20, 7,  1,  199.99),
(38, 21, 12, 1,  599.99),
(39, 21, 15, 1,  119.99),
(40, 22, 9,  1,  449.99),
(41, 22, 10, 1,   19.99),
(42, 23, 4,  2,  129.99),
(43, 23, 2,  1,   29.99),
(44, 24, 50, 1,   89.99),
(45, 24, 45, 1,   39.99),
(46, 25, 21, 3,   39.99),
(47, 25, 22, 2,   49.99),
(48, 26, 5,  1,  399.99),
(49, 26, 3,  1,   49.99),
(50, 27, 41, 2,   49.99),
(51, 27, 46, 1,   79.99),
(52, 28, 11, 1,  349.99),
(53, 28, 17, 1,   89.99),
(54, 29, 1,  1, 1299.99),
(55, 30, 6,  1,   79.99),
(56, 30, 8,  2,   89.99),
(57, 31, 44, 1,  149.99),
(58, 31, 45, 1,   39.99),
(59, 32, 9,  1,  449.99),
(60, 32, 10, 3,   19.99),
(61, 33, 7,  1,  199.99),
(62, 33, 4,  1,  129.99),
(63, 34, 12, 1,  599.99),
(64, 34, 14, 2,   59.99),
(65, 35, 1,  1, 1299.99),
(66, 35, 2,  2,   29.99),
(67, 36, 22, 1,   49.99),
(68, 36, 25, 2,   54.99),
(69, 37, 11, 1,  349.99),
(70, 37, 16, 3,   24.99),
(71, 38, 41, 1,   49.99),
(72, 38, 42, 2,   29.99),
(73, 39, 5,  1,  399.99),
(74, 39, 3,  2,   49.99),
(75, 40, 23, 1,   34.99),
(76, 40, 26, 2,   29.99),
(77, 41, 7,  1,  199.99),
(78, 41, 8,  1,   89.99),
(79, 42, 1,  1, 1299.99),
(80, 42, 4,  1,  129.99);
